<metadata xml:lang="en"><Esri><CreaDate>20151023</CreaDate><CreaTime>12491300</CreaTime><ArcGISFormat>1.0</ArcGISFormat><ArcGISstyle>EC ArcCatalog Metadata Profile</ArcGISstyle><SyncOnce>FALSE</SyncOnce><DataProperties><itemProps><itemName Sync="TRUE">Sterna_dougallii_Roseate_Tern_CH_2015</itemName><imsContentType Sync="TRUE" export="False">002</imsContentType><itemSize Sync="TRUE">0.000</itemSize><itemLocation><linkage Sync="TRUE">file://\\int.ec.gc.ca\PROFILES\RemoteDesktop\InGEO2\persadr\Desktop\Critical habitat\Data WMS\Sterna_dougallii_Roseate_Tern_CH_2015.shp</linkage><protocol Sync="TRUE">Local Area Network</protocol></itemLocation><nativeExtBox><westBL Sync="TRUE">271825.661100</westBL><eastBL Sync="TRUE">769248.351500</eastBL><southBL Sync="TRUE">4834423.325200</southBL><northBL Sync="TRUE">4995778.189500</northBL><exTypeCode Sync="TRUE">1</exTypeCode></nativeExtBox></itemProps><coordRef><type Sync="TRUE">Projected</type><geogcsn Sync="TRUE">GCS_North_American_1983</geogcsn><csUnits Sync="TRUE">Linear Unit: Meter (1.000000)</csUnits><projcsn Sync="TRUE">NAD_1983_UTM_Zone_20N</projcsn><peXml Sync="TRUE">&lt;ProjectedCoordinateSystem xsi:type='typens:ProjectedCoordinateSystem' xmlns:xsi='http://www.w3.org/2001/XMLSchema-instance' xmlns:xs='http://www.w3.org/2001/XMLSchema' xmlns:typens='http://www.esri.com/schemas/ArcGIS/10.1'&gt;&lt;WKT&gt;PROJCS[&amp;quot;NAD_1983_UTM_Zone_20N&amp;quot;,GEOGCS[&amp;quot;GCS_North_American_1983&amp;quot;,DATUM[&amp;quot;D_North_American_1983&amp;quot;,SPHEROID[&amp;quot;GRS_1980&amp;quot;,6378137.0,298.257222101]],PRIMEM[&amp;quot;Greenwich&amp;quot;,0.0],UNIT[&amp;quot;Degree&amp;quot;,0.0174532925199433]],PROJECTION[&amp;quot;Transverse_Mercator&amp;quot;],PARAMETER[&amp;quot;False_Easting&amp;quot;,500000.0],PARAMETER[&amp;quot;False_Northing&amp;quot;,0.0],PARAMETER[&amp;quot;Central_Meridian&amp;quot;,-63.0],PARAMETER[&amp;quot;Scale_Factor&amp;quot;,0.9996],PARAMETER[&amp;quot;Latitude_Of_Origin&amp;quot;,0.0],UNIT[&amp;quot;Meter&amp;quot;,1.0],AUTHORITY[&amp;quot;EPSG&amp;quot;,26920]]&lt;/WKT&gt;&lt;XOrigin&gt;-5120900&lt;/XOrigin&gt;&lt;YOrigin&gt;-9998100&lt;/YOrigin&gt;&lt;XYScale&gt;450445547.3910538&lt;/XYScale&gt;&lt;ZOrigin&gt;-100000&lt;/ZOrigin&gt;&lt;ZScale&gt;10000&lt;/ZScale&gt;&lt;MOrigin&gt;-100000&lt;/MOrigin&gt;&lt;MScale&gt;10000&lt;/MScale&gt;&lt;XYTolerance&gt;0.001&lt;/XYTolerance&gt;&lt;ZTolerance&gt;0.001&lt;/ZTolerance&gt;&lt;MTolerance&gt;0.001&lt;/MTolerance&gt;&lt;HighPrecision&gt;true&lt;/HighPrecision&gt;&lt;WKID&gt;26920&lt;/WKID&gt;&lt;LatestWKID&gt;26920&lt;/LatestWKID&gt;&lt;/ProjectedCoordinateSystem&gt;</peXml></coordRef><lineage><Process ToolSource="C:\Program Files (x86)\ArcGIS\Desktop\Desktop10.0\ArcToolbox\Toolboxes\Data Management Tools.tbx\FeatureToPolygon" Date="20120106" Time="151022" Name="" export="">FeatureToPolygon 1045050061500_NSHN_WA_LINE C:\Temp\CritHabitat\Country___.shp # ATTRIBUTES #</Process><Process ToolSource="C:\Program Files (x86)\ArcGIS\Desktop\Desktop10.0\ArcToolbox\Toolboxes\Data Management Tools.tbx\Merge" Date="20120119" Time="102110" Name="" export="">Merge Country___;Brothers O:\Project\CriticalHabitat\CriticalHabitat.gdb\Critical_Habitat\CH_Roseates "Id "Id" true true false 6 Long 0 6 ,First,#,Country___,Id,-1,-1,Brothers,Id,-1,-1"</Process><Process ToolSource="C:\Program Files (x86)\ArcGIS\Desktop\Desktop10.0\ArcToolbox\Toolboxes\Analysis Tools.tbx\Buffer" Date="20120119" Time="125235" Name="" export="">Buffer CH_Roseates O:\Project\CriticalHabitat\CriticalHabitat.gdb\Critical_Habitat\CH_Roseates_noSable_ "200 Meters" FULL ROUND NONE #</Process><Process ToolSource="C:\Program Files (x86)\ArcGIS\Desktop\Desktop10.0\ArcToolbox\Toolboxes\Data Management Tools.tbx\CalculateField" Date="20120119" Time="125353" Name="" export="">CalculateField CH_Roseates_noSable_ Island "South Brother" VB #</Process><Process ToolSource="C:\Program Files (x86)\ArcGIS\Desktop\Desktop10.0\ArcToolbox\Toolboxes\Data Management Tools.tbx\CalculateField" Date="20120119" Time="125414" Name="" export="">CalculateField CH_Roseates_noSable_ Island "North Brother" VB #</Process><Process ToolSource="C:\Program Files (x86)\ArcGIS\Desktop\Desktop10.0\ArcToolbox\Toolboxes\Data Management Tools.tbx\CalculateField" Date="20120119" Time="125441" Name="" export="">CalculateField CH_Roseates_noSable_ Island "Country Island" VB #</Process><Process ToolSource="c:\program files (x86)\arcgis\desktop10.1\ArcToolbox\Toolboxes\Data Management Tools.tbx\Merge" Date="20150818" Time="130221" Name="" export="">Merge Sterna_dougallii_Roseate_Tern__CH_NoSableIs;Sable_Island_and_200m_buff "\\int.ec.gc.ca\PROFILES\RemoteDesktop\InGEO\AndrewsDa\My Documents\ROST\Sable_Island\Sterna_dougallii_Roseate_Tern_CH_2015.shp" "OBJECTID "OBJECTID" true true false 9 Long 0 9 ,First,#,Sterna_dougallii_Roseate_Tern__CH_NoSableIs,OBJECTID,-1,-1;Id "Id" true true false 9 Long 0 9 ,First,#,Sterna_dougallii_Roseate_Tern__CH_NoSableIs,Id,-1,-1,Sable_Island_and_200m_buff,Id,-1,-1;BUFF_DIST "BUFF_DIST" true true false 19 Double 0 0 ,First,#,Sterna_dougallii_Roseate_Tern__CH_NoSableIs,BUFF_DIST,-1,-1;Shape_Leng "Shape_Leng" true true false 19 Double 0 0 ,First,#,Sterna_dougallii_Roseate_Tern__CH_NoSableIs,Shape_Leng,-1,-1;Shape_Area "Shape_Area" true true false 19 Double 0 0 ,First,#,Sterna_dougallii_Roseate_Tern__CH_NoSableIs,Shape_Area,-1,-1;Island "Island" true true false 50 Text 0 0 ,First,#,Sterna_dougallii_Roseate_Tern__CH_NoSableIs,Island,-1,-1;BufferDist "BufferDist" true true false 19 Double 0 0 ,First,#,Sable_Island_and_200m_buff,BufferDist,-1,-1"</Process><Process ToolSource="c:\program files (x86)\arcgis\desktop10.1\ArcToolbox\Toolboxes\Data Management Tools.tbx\CopyFeatures" Date="20150918" Time="131049" Name="" export="">CopyFeatures Sterna_dougallii_Roseate_Tern_CH_2015 "\\int.ec.gc.ca\PROFILES\RemoteDesktop\InGEO\AndrewsDa\My Documents\ROST\Sterna_dougallii_Roseate_Tern_CH_2015.shp" # 0 0 0</Process><Process ToolSource="c:\program files (x86)\arcgis\desktop10.1\ArcToolbox\Toolboxes\Data Management Tools.tbx\AddField" Date="20150918" Time="131049" Name="" export="">AddField "\\int.ec.gc.ca\PROFILES\RemoteDesktop\InGEO\AndrewsDa\My Documents\ROST\Sterna_dougallii_Roseate_Tern_CH_2015.shp" SciName STRING # # 100 SciName NULLABLE NON_REQUIRED #</Process><Process ToolSource="c:\program files (x86)\arcgis\desktop10.1\ArcToolbox\Toolboxes\Data Management Tools.tbx\AddField" Date="20150918" Time="131050" Name="" export="">AddField "\\int.ec.gc.ca\PROFILES\RemoteDesktop\InGEO\AndrewsDa\My Documents\ROST\Sterna_dougallii_Roseate_Tern_CH_2015.shp" CommName_E STRING # # 100 CommName_E NULLABLE NON_REQUIRED #</Process><Process ToolSource="c:\program files (x86)\arcgis\desktop10.1\ArcToolbox\Toolboxes\Data Management Tools.tbx\AddField" Date="20150918" Time="131050" Name="" export="">AddField "\\int.ec.gc.ca\PROFILES\RemoteDesktop\InGEO\AndrewsDa\My Documents\ROST\Sterna_dougallii_Roseate_Tern_CH_2015.shp" CommName_F STRING # # 100 CommName_F NULLABLE NON_REQUIRED #</Process><Process ToolSource="c:\program files (x86)\arcgis\desktop10.1\ArcToolbox\Toolboxes\Data Management Tools.tbx\AddField" Date="20150918" Time="131050" Name="" export="">AddField "\\int.ec.gc.ca\PROFILES\RemoteDesktop\InGEO\AndrewsDa\My Documents\ROST\Sterna_dougallii_Roseate_Tern_CH_2015.shp" Population STRING # # 100 Population NULLABLE NON_REQUIRED #</Process><Process ToolSource="c:\program files (x86)\arcgis\desktop10.1\ArcToolbox\Toolboxes\Data Management Tools.tbx\AddField" Date="20150918" Time="131051" Name="" export="">AddField "\\int.ec.gc.ca\PROFILES\RemoteDesktop\InGEO\AndrewsDa\My Documents\ROST\Sterna_dougallii_Roseate_Tern_CH_2015.shp" SpeciesID SHORT # # # SpeciesID NULLABLE NON_REQUIRED #</Process><Process ToolSource="c:\program files (x86)\arcgis\desktop10.1\ArcToolbox\Toolboxes\Data Management Tools.tbx\AddField" Date="20150918" Time="131051" Name="" export="">AddField "\\int.ec.gc.ca\PROFILES\RemoteDesktop\InGEO\AndrewsDa\My Documents\ROST\Sterna_dougallii_Roseate_Tern_CH_2015.shp" SiteID STRING # # 125 SiteID NULLABLE NON_REQUIRED #</Process><Process ToolSource="c:\program files (x86)\arcgis\desktop10.1\ArcToolbox\Toolboxes\Data Management Tools.tbx\AddField" Date="20150918" Time="131051" Name="" export="">AddField "\\int.ec.gc.ca\PROFILES\RemoteDesktop\InGEO\AndrewsDa\My Documents\ROST\Sterna_dougallii_Roseate_Tern_CH_2015.shp" SiteName STRING # # 125 SiteName NULLABLE NON_REQUIRED #</Process><Process ToolSource="c:\program files (x86)\arcgis\desktop10.1\ArcToolbox\Toolboxes\Data Management Tools.tbx\AddField" Date="20150918" Time="131051" Name="" export="">AddField "\\int.ec.gc.ca\PROFILES\RemoteDesktop\InGEO\AndrewsDa\My Documents\ROST\Sterna_dougallii_Roseate_Tern_CH_2015.shp" CHApproach STRING # # 50 CHApproach NULLABLE NON_REQUIRED #</Process><Process ToolSource="c:\program files (x86)\arcgis\desktop10.1\ArcToolbox\Toolboxes\Data Management Tools.tbx\AddField" Date="20150918" Time="131052" Name="" export="">AddField "\\int.ec.gc.ca\PROFILES\RemoteDesktop\InGEO\AndrewsDa\My Documents\ROST\Sterna_dougallii_Roseate_Tern_CH_2015.shp" CHMethod STRING # # 75 CHMethod NULLABLE NON_REQUIRED #</Process><Process ToolSource="c:\program files (x86)\arcgis\desktop10.1\ArcToolbox\Toolboxes\Data Management Tools.tbx\AddField" Date="20150918" Time="131052" Name="" export="">AddField "\\int.ec.gc.ca\PROFILES\RemoteDesktop\InGEO\AndrewsDa\My Documents\ROST\Sterna_dougallii_Roseate_Tern_CH_2015.shp" Region STRING # # 75 Region NULLABLE NON_REQUIRED #</Process><Process ToolSource="c:\program files (x86)\arcgis\desktop10.1\ArcToolbox\Toolboxes\Data Management Tools.tbx\AddField" Date="20150918" Time="131052" Name="" export="">AddField "\\int.ec.gc.ca\PROFILES\RemoteDesktop\InGEO\AndrewsDa\My Documents\ROST\Sterna_dougallii_Roseate_Tern_CH_2015.shp" ProvTerr STRING # # 75 ProvTerr NULLABLE NON_REQUIRED #</Process><Process ToolSource="c:\program files (x86)\arcgis\desktop10.1\ArcToolbox\Toolboxes\Data Management Tools.tbx\AddField" Date="20150918" Time="131053" Name="" export="">AddField "\\int.ec.gc.ca\PROFILES\RemoteDesktop\InGEO\AndrewsDa\My Documents\ROST\Sterna_dougallii_Roseate_Tern_CH_2015.shp" LandTenure STRING # # 75 LandTenure NULLABLE NON_REQUIRED #</Process><Process ToolSource="c:\program files (x86)\arcgis\desktop10.1\ArcToolbox\Toolboxes\Data Management Tools.tbx\AddField" Date="20150918" Time="131053" Name="" export="">AddField "\\int.ec.gc.ca\PROFILES\RemoteDesktop\InGEO\AndrewsDa\My Documents\ROST\Sterna_dougallii_Roseate_Tern_CH_2015.shp" UTMZone SHORT # # # UTMZone NULLABLE NON_REQUIRED #</Process><Process ToolSource="c:\program files (x86)\arcgis\desktop10.1\ArcToolbox\Toolboxes\Data Management Tools.tbx\AddField" Date="20150918" Time="131053" Name="" export="">AddField "\\int.ec.gc.ca\PROFILES\RemoteDesktop\InGEO\AndrewsDa\My Documents\ROST\Sterna_dougallii_Roseate_Tern_CH_2015.shp" Easting DOUBLE # # # Easting NULLABLE NON_REQUIRED #</Process><Process ToolSource="c:\program files (x86)\arcgis\desktop10.1\ArcToolbox\Toolboxes\Data Management Tools.tbx\AddField" Date="20150918" Time="131054" Name="" export="">AddField "\\int.ec.gc.ca\PROFILES\RemoteDesktop\InGEO\AndrewsDa\My Documents\ROST\Sterna_dougallii_Roseate_Tern_CH_2015.shp" Northing DOUBLE # # # Northing NULLABLE NON_REQUIRED #</Process><Process ToolSource="c:\program files (x86)\arcgis\desktop10.1\ArcToolbox\Toolboxes\Data Management Tools.tbx\AddField" Date="20150918" Time="131054" Name="" export="">AddField "\\int.ec.gc.ca\PROFILES\RemoteDesktop\InGEO\AndrewsDa\My Documents\ROST\Sterna_dougallii_Roseate_Tern_CH_2015.shp" Latitude DOUBLE # # # Latitude NULLABLE NON_REQUIRED #</Process><Process ToolSource="c:\program files (x86)\arcgis\desktop10.1\ArcToolbox\Toolboxes\Data Management Tools.tbx\AddField" Date="20150918" Time="131054" Name="" export="">AddField "\\int.ec.gc.ca\PROFILES\RemoteDesktop\InGEO\AndrewsDa\My Documents\ROST\Sterna_dougallii_Roseate_Tern_CH_2015.shp" Longitude DOUBLE # # # Longitude NULLABLE NON_REQUIRED #</Process><Process ToolSource="c:\program files (x86)\arcgis\desktop10.1\ArcToolbox\Toolboxes\Data Management Tools.tbx\AddField" Date="20150918" Time="131055" Name="" export="">AddField "\\int.ec.gc.ca\PROFILES\RemoteDesktop\InGEO\AndrewsDa\My Documents\ROST\Sterna_dougallii_Roseate_Tern_CH_2015.shp" Area_ha DOUBLE # # # Area_ha NULLABLE NON_REQUIRED #</Process><Process ToolSource="c:\program files (x86)\arcgis\desktop10.1\ArcToolbox\Toolboxes\Data Management Tools.tbx\AddField" Date="20150918" Time="131055" Name="" export="">AddField "\\int.ec.gc.ca\PROFILES\RemoteDesktop\InGEO\AndrewsDa\My Documents\ROST\Sterna_dougallii_Roseate_Tern_CH_2015.shp" Comments STRING # # 250 Comments NULLABLE NON_REQUIRED #</Process><Process ToolSource="c:\program files (x86)\arcgis\desktop10.1\ArcToolbox\Toolboxes\Data Management Tools.tbx\AddField" Date="20150918" Time="131056" Name="" export="">AddField "\\int.ec.gc.ca\PROFILES\RemoteDesktop\InGEO\AndrewsDa\My Documents\ROST\Sterna_dougallii_Roseate_Tern_CH_2015.shp" DateEdited DATE # # # DateEdited NULLABLE NON_REQUIRED #</Process><Process ToolSource="c:\program files (x86)\arcgis\desktop10.1\ArcToolbox\Toolboxes\Data Management Tools.tbx\Merge" Date="20150918" Time="131057" Name="" export="">Merge '\\int.ec.gc.ca\PROFILES\RemoteDesktop\InGEO\AndrewsDa\My Documents\ROST\Sterna_dougallii_Roseate_Tern_CH_2015.shp' "\\int.ec.gc.ca\PROFILES\RemoteDesktop\InGEO\AndrewsDa\My Documents\ROST\Sterna_dougallii_Roseate_Tern_CH_2015_AddRenameF.shp" "OBJECTID "OBJECTID" true true false 9 Long 0 9 ,First,#,\\int.ec.gc.ca\PROFILES\RemoteDesktop\InGEO\AndrewsDa\My Documents\ROST\Sterna_dougallii_Roseate_Tern_CH_2015.shp,OBJECTID,-1,-1;Id "Id" true true false 9 Long 0 9 ,First,#,\\int.ec.gc.ca\PROFILES\RemoteDesktop\InGEO\AndrewsDa\My Documents\ROST\Sterna_dougallii_Roseate_Tern_CH_2015.shp,Id,-1,-1;BUFF_DIST "BUFF_DIST" true true false 19 Double 0 0 ,First,#,\\int.ec.gc.ca\PROFILES\RemoteDesktop\InGEO\AndrewsDa\My Documents\ROST\Sterna_dougallii_Roseate_Tern_CH_2015.shp,BUFF_DIST,-1,-1;Shape_Leng "Shape_Leng" true true false 19 Double 0 0 ,First,#,\\int.ec.gc.ca\PROFILES\RemoteDesktop\InGEO\AndrewsDa\My Documents\ROST\Sterna_dougallii_Roseate_Tern_CH_2015.shp,Shape_Leng,-1,-1;Shape_Area "Shape_Area" true true false 19 Double 0 0 ,First,#,\\int.ec.gc.ca\PROFILES\RemoteDesktop\InGEO\AndrewsDa\My Documents\ROST\Sterna_dougallii_Roseate_Tern_CH_2015.shp,Shape_Area,-1,-1;Island "Island" true true false 50 Text 0 0 ,First,#,\\int.ec.gc.ca\PROFILES\RemoteDesktop\InGEO\AndrewsDa\My Documents\ROST\Sterna_dougallii_Roseate_Tern_CH_2015.shp,Island,-1,-1;BufferDist "BufferDist" true true false 19 Double 0 0 ,First,#,\\int.ec.gc.ca\PROFILES\RemoteDesktop\InGEO\AndrewsDa\My Documents\ROST\Sterna_dougallii_Roseate_Tern_CH_2015.shp,BufferDist,-1,-1;SciName "SciName" true true false 100 Text 0 0 ,First,#,\\int.ec.gc.ca\PROFILES\RemoteDesktop\InGEO\AndrewsDa\My Documents\ROST\Sterna_dougallii_Roseate_Tern_CH_2015.shp,SciName,-1,-1;CommName_E "CommName_E" true true false 100 Text 0 0 ,First,#,\\int.ec.gc.ca\PROFILES\RemoteDesktop\InGEO\AndrewsDa\My Documents\ROST\Sterna_dougallii_Roseate_Tern_CH_2015.shp,CommName_E,-1,-1;CommName_F "CommName_F" true true false 100 Text 0 0 ,First,#,\\int.ec.gc.ca\PROFILES\RemoteDesktop\InGEO\AndrewsDa\My Documents\ROST\Sterna_dougallii_Roseate_Tern_CH_2015.shp,CommName_F,-1,-1;Population "Population" true true false 100 Text 0 0 ,First,#,\\int.ec.gc.ca\PROFILES\RemoteDesktop\InGEO\AndrewsDa\My Documents\ROST\Sterna_dougallii_Roseate_Tern_CH_2015.shp,Population,-1,-1;SpeciesID "SpeciesID" true true false 4 Short 0 4 ,First,#,\\int.ec.gc.ca\PROFILES\RemoteDesktop\InGEO\AndrewsDa\My Documents\ROST\Sterna_dougallii_Roseate_Tern_CH_2015.shp,SpeciesID,-1,-1;SiteID "SiteID" true true false 125 Text 0 0 ,First,#,\\int.ec.gc.ca\PROFILES\RemoteDesktop\InGEO\AndrewsDa\My Documents\ROST\Sterna_dougallii_Roseate_Tern_CH_2015.shp,SiteID,-1,-1;SiteName "SiteName" true true false 125 Text 0 0 ,First,#,\\int.ec.gc.ca\PROFILES\RemoteDesktop\InGEO\AndrewsDa\My Documents\ROST\Sterna_dougallii_Roseate_Tern_CH_2015.shp,SiteName,-1,-1;CHApproach "CHApproach" true true false 50 Text 0 0 ,First,#,\\int.ec.gc.ca\PROFILES\RemoteDesktop\InGEO\AndrewsDa\My Documents\ROST\Sterna_dougallii_Roseate_Tern_CH_2015.shp,CHApproach,-1,-1;CHMethod "CHMethod" true true false 75 Text 0 0 ,First,#,\\int.ec.gc.ca\PROFILES\RemoteDesktop\InGEO\AndrewsDa\My Documents\ROST\Sterna_dougallii_Roseate_Tern_CH_2015.shp,CHMethod,-1,-1;Region "Region" true true false 75 Text 0 0 ,First,#,\\int.ec.gc.ca\PROFILES\RemoteDesktop\InGEO\AndrewsDa\My Documents\ROST\Sterna_dougallii_Roseate_Tern_CH_2015.shp,Region,-1,-1;ProvTerr "ProvTerr" true true false 75 Text 0 0 ,First,#,\\int.ec.gc.ca\PROFILES\RemoteDesktop\InGEO\AndrewsDa\My Documents\ROST\Sterna_dougallii_Roseate_Tern_CH_2015.shp,ProvTerr,-1,-1;LandTenure "LandTenure" true true false 75 Text 0 0 ,First,#,\\int.ec.gc.ca\PROFILES\RemoteDesktop\InGEO\AndrewsDa\My Documents\ROST\Sterna_dougallii_Roseate_Tern_CH_2015.shp,LandTenure,-1,-1;UTMZone "UTMZone" true true false 4 Short 0 4 ,First,#,\\int.ec.gc.ca\PROFILES\RemoteDesktop\InGEO\AndrewsDa\My Documents\ROST\Sterna_dougallii_Roseate_Tern_CH_2015.shp,UTMZone,-1,-1;Easting "Easting" true true false 19 Double 0 0 ,First,#,\\int.ec.gc.ca\PROFILES\RemoteDesktop\InGEO\AndrewsDa\My Documents\ROST\Sterna_dougallii_Roseate_Tern_CH_2015.shp,Easting,-1,-1;Northing "Northing" true true false 19 Double 0 0 ,First,#,\\int.ec.gc.ca\PROFILES\RemoteDesktop\InGEO\AndrewsDa\My Documents\ROST\Sterna_dougallii_Roseate_Tern_CH_2015.shp,Northing,-1,-1;Latitude "Latitude" true true false 19 Double 0 0 ,First,#,\\int.ec.gc.ca\PROFILES\RemoteDesktop\InGEO\AndrewsDa\My Documents\ROST\Sterna_dougallii_Roseate_Tern_CH_2015.shp,Latitude,-1,-1;Longitude "Longitude" true true false 19 Double 0 0 ,First,#,\\int.ec.gc.ca\PROFILES\RemoteDesktop\InGEO\AndrewsDa\My Documents\ROST\Sterna_dougallii_Roseate_Tern_CH_2015.shp,Longitude,-1,-1;Area_ha "Area_ha" true true false 19 Double 0 0 ,First,#,\\int.ec.gc.ca\PROFILES\RemoteDesktop\InGEO\AndrewsDa\My Documents\ROST\Sterna_dougallii_Roseate_Tern_CH_2015.shp,Area_ha,-1,-1;Comments "Comments" true true false 250 Text 0 0 ,First,#,\\int.ec.gc.ca\PROFILES\RemoteDesktop\InGEO\AndrewsDa\My Documents\ROST\Sterna_dougallii_Roseate_Tern_CH_2015.shp,Comments,-1,-1;DateEdited "DateEdited" true true false 8 Date 0 0 ,First,#,\\int.ec.gc.ca\PROFILES\RemoteDesktop\InGEO\AndrewsDa\My Documents\ROST\Sterna_dougallii_Roseate_Tern_CH_2015.shp,DateEdited,-1,-1"</Process><Process ToolSource="c:\program files (x86)\arcgis\desktop10.1\ArcToolbox\Toolboxes\Data Management Tools.tbx\Merge" Date="20150918" Time="131100" Name="" export="">Merge '\\int.ec.gc.ca\PROFILES\RemoteDesktop\InGEO\AndrewsDa\My Documents\ROST\Sterna_dougallii_Roseate_Tern_CH_2015_AddRenameF.shp' "\\int.ec.gc.ca\PROFILES\RemoteDesktop\InGEO\AndrewsDa\My Documents\ROST\Sterna_dougallii_Roseate_Tern_CH_2015_AddRenameF_RF_ReorderF.shp" "SciName "SciName" true true false 100 Text 0 0 ,First,#,\\int.ec.gc.ca\PROFILES\RemoteDesktop\InGEO\AndrewsDa\My Documents\ROST\Sterna_dougallii_Roseate_Tern_CH_2015_AddRenameF.shp,SciName,-1,-1;CommName_E "CommName_E" true true false 100 Text 0 0 ,First,#,\\int.ec.gc.ca\PROFILES\RemoteDesktop\InGEO\AndrewsDa\My Documents\ROST\Sterna_dougallii_Roseate_Tern_CH_2015_AddRenameF.shp,CommName_E,-1,-1;CommName_F "CommName_F" true true false 100 Text 0 0 ,First,#,\\int.ec.gc.ca\PROFILES\RemoteDesktop\InGEO\AndrewsDa\My Documents\ROST\Sterna_dougallii_Roseate_Tern_CH_2015_AddRenameF.shp,CommName_F,-1,-1;Population "Population" true true false 100 Text 0 0 ,First,#,\\int.ec.gc.ca\PROFILES\RemoteDesktop\InGEO\AndrewsDa\My Documents\ROST\Sterna_dougallii_Roseate_Tern_CH_2015_AddRenameF.shp,Population,-1,-1;SpeciesID "SpeciesID" true true false 4 Short 0 4 ,First,#,\\int.ec.gc.ca\PROFILES\RemoteDesktop\InGEO\AndrewsDa\My Documents\ROST\Sterna_dougallii_Roseate_Tern_CH_2015_AddRenameF.shp,SpeciesID,-1,-1;SiteID "SiteID" true true false 125 Text 0 0 ,First,#,\\int.ec.gc.ca\PROFILES\RemoteDesktop\InGEO\AndrewsDa\My Documents\ROST\Sterna_dougallii_Roseate_Tern_CH_2015_AddRenameF.shp,SiteID,-1,-1;SiteName "SiteName" true true false 125 Text 0 0 ,First,#,\\int.ec.gc.ca\PROFILES\RemoteDesktop\InGEO\AndrewsDa\My Documents\ROST\Sterna_dougallii_Roseate_Tern_CH_2015_AddRenameF.shp,SiteName,-1,-1;CHApproach "CHApproach" true true false 50 Text 0 0 ,First,#,\\int.ec.gc.ca\PROFILES\RemoteDesktop\InGEO\AndrewsDa\My Documents\ROST\Sterna_dougallii_Roseate_Tern_CH_2015_AddRenameF.shp,CHApproach,-1,-1;CHMethod "CHMethod" true true false 75 Text 0 0 ,First,#,\\int.ec.gc.ca\PROFILES\RemoteDesktop\InGEO\AndrewsDa\My Documents\ROST\Sterna_dougallii_Roseate_Tern_CH_2015_AddRenameF.shp,CHMethod,-1,-1;Region "Region" true true false 75 Text 0 0 ,First,#,\\int.ec.gc.ca\PROFILES\RemoteDesktop\InGEO\AndrewsDa\My Documents\ROST\Sterna_dougallii_Roseate_Tern_CH_2015_AddRenameF.shp,Region,-1,-1;ProvTerr "ProvTerr" true true false 75 Text 0 0 ,First,#,\\int.ec.gc.ca\PROFILES\RemoteDesktop\InGEO\AndrewsDa\My Documents\ROST\Sterna_dougallii_Roseate_Tern_CH_2015_AddRenameF.shp,ProvTerr,-1,-1;LandTenure "LandTenure" true true false 75 Text 0 0 ,First,#,\\int.ec.gc.ca\PROFILES\RemoteDesktop\InGEO\AndrewsDa\My Documents\ROST\Sterna_dougallii_Roseate_Tern_CH_2015_AddRenameF.shp,LandTenure,-1,-1;UTMZone "UTMZone" true true false 4 Short 0 4 ,First,#,\\int.ec.gc.ca\PROFILES\RemoteDesktop\InGEO\AndrewsDa\My Documents\ROST\Sterna_dougallii_Roseate_Tern_CH_2015_AddRenameF.shp,UTMZone,-1,-1;Easting "Easting" true true false 19 Double 0 0 ,First,#,\\int.ec.gc.ca\PROFILES\RemoteDesktop\InGEO\AndrewsDa\My Documents\ROST\Sterna_dougallii_Roseate_Tern_CH_2015_AddRenameF.shp,Easting,-1,-1;Northing "Northing" true true false 19 Double 0 0 ,First,#,\\int.ec.gc.ca\PROFILES\RemoteDesktop\InGEO\AndrewsDa\My Documents\ROST\Sterna_dougallii_Roseate_Tern_CH_2015_AddRenameF.shp,Northing,-1,-1;Latitude "Latitude" true true false 19 Double 0 0 ,First,#,\\int.ec.gc.ca\PROFILES\RemoteDesktop\InGEO\AndrewsDa\My Documents\ROST\Sterna_dougallii_Roseate_Tern_CH_2015_AddRenameF.shp,Latitude,-1,-1;Longitude "Longitude" true true false 19 Double 0 0 ,First,#,\\int.ec.gc.ca\PROFILES\RemoteDesktop\InGEO\AndrewsDa\My Documents\ROST\Sterna_dougallii_Roseate_Tern_CH_2015_AddRenameF.shp,Longitude,-1,-1;Area_ha "Area_ha" true true false 19 Double 0 0 ,First,#,\\int.ec.gc.ca\PROFILES\RemoteDesktop\InGEO\AndrewsDa\My Documents\ROST\Sterna_dougallii_Roseate_Tern_CH_2015_AddRenameF.shp,Area_ha,-1,-1;Comments "Comments" true true false 250 Text 0 0 ,First,#,\\int.ec.gc.ca\PROFILES\RemoteDesktop\InGEO\AndrewsDa\My Documents\ROST\Sterna_dougallii_Roseate_Tern_CH_2015_AddRenameF.shp,Comments,-1,-1;DateEdited "DateEdited" true true false 8 Date 0 0 ,First,#,\\int.ec.gc.ca\PROFILES\RemoteDesktop\InGEO\AndrewsDa\My Documents\ROST\Sterna_dougallii_Roseate_Tern_CH_2015_AddRenameF.shp,DateEdited,-1,-1;OBJECTID "OBJECTID" true true false 9 Long 0 9 ,First,#,\\int.ec.gc.ca\PROFILES\RemoteDesktop\InGEO\AndrewsDa\My Documents\ROST\Sterna_dougallii_Roseate_Tern_CH_2015_AddRenameF.shp,OBJECTID,-1,-1;Id "Id" true true false 9 Long 0 9 ,First,#,\\int.ec.gc.ca\PROFILES\RemoteDesktop\InGEO\AndrewsDa\My Documents\ROST\Sterna_dougallii_Roseate_Tern_CH_2015_AddRenameF.shp,Id,-1,-1;BUFF_DIST "BUFF_DIST" true true false 19 Double 0 0 ,First,#,\\int.ec.gc.ca\PROFILES\RemoteDesktop\InGEO\AndrewsDa\My Documents\ROST\Sterna_dougallii_Roseate_Tern_CH_2015_AddRenameF.shp,BUFF_DIST,-1,-1;Shape_Leng "Shape_Leng" true true false 19 Double 0 0 ,First,#,\\int.ec.gc.ca\PROFILES\RemoteDesktop\InGEO\AndrewsDa\My Documents\ROST\Sterna_dougallii_Roseate_Tern_CH_2015_AddRenameF.shp,Shape_Leng,-1,-1;Shape_Area "Shape_Area" true true false 19 Double 0 0 ,First,#,\\int.ec.gc.ca\PROFILES\RemoteDesktop\InGEO\AndrewsDa\My Documents\ROST\Sterna_dougallii_Roseate_Tern_CH_2015_AddRenameF.shp,Shape_Area,-1,-1;Island "Island" true true false 50 Text 0 0 ,First,#,\\int.ec.gc.ca\PROFILES\RemoteDesktop\InGEO\AndrewsDa\My Documents\ROST\Sterna_dougallii_Roseate_Tern_CH_2015_AddRenameF.shp,Island,-1,-1;BufferDist "BufferDist" true true false 19 Double 0 0 ,First,#,\\int.ec.gc.ca\PROFILES\RemoteDesktop\InGEO\AndrewsDa\My Documents\ROST\Sterna_dougallii_Roseate_Tern_CH_2015_AddRenameF.shp,BufferDist,-1,-1"</Process><Process ToolSource="c:\program files (x86)\arcgis\desktop10.1\ArcToolbox\Toolboxes\Conversion Tools.tbx\FeatureClassToFeatureClass" Date="20150918" Time="143405" Name="" export="">FeatureClassToFeatureClass Sterna_dougallii_Roseate_Tern_CH_2015 Q:\GW\EC1121SAR_EEP_Ops\ATL_CWS_SAR\ATL_CWS_CriticalHabitat\Critical_Habitat_IDentification_2013\Analysis\Output\CH_ID_final.gdb Sterna_dougallii_Roseate_Tern_CH_2015 # "SciName "SciName" true true false 100 Text 0 0 ,First,#,\\int.ec.gc.ca\PROFILES\RemoteDesktop\InGEO\AndrewsDa\My Documents\ROST\CH\Sterna_dougallii_Roseate_Tern_CH_2015.shp,SciName,-1,-1;CommName_E "CommName_E" true true false 100 Text 0 0 ,First,#,\\int.ec.gc.ca\PROFILES\RemoteDesktop\InGEO\AndrewsDa\My Documents\ROST\CH\Sterna_dougallii_Roseate_Tern_CH_2015.shp,CommName_E,-1,-1;CommName_F "CommName_F" true true false 100 Text 0 0 ,First,#,\\int.ec.gc.ca\PROFILES\RemoteDesktop\InGEO\AndrewsDa\My Documents\ROST\CH\Sterna_dougallii_Roseate_Tern_CH_2015.shp,CommName_F,-1,-1;Population "Population" true true false 100 Text 0 0 ,First,#,\\int.ec.gc.ca\PROFILES\RemoteDesktop\InGEO\AndrewsDa\My Documents\ROST\CH\Sterna_dougallii_Roseate_Tern_CH_2015.shp,Population,-1,-1;SpeciesID "SpeciesID" true true false 4 Short 0 4 ,First,#,\\int.ec.gc.ca\PROFILES\RemoteDesktop\InGEO\AndrewsDa\My Documents\ROST\CH\Sterna_dougallii_Roseate_Tern_CH_2015.shp,SpeciesID,-1,-1;SiteID "SiteID" true true false 125 Text 0 0 ,First,#,\\int.ec.gc.ca\PROFILES\RemoteDesktop\InGEO\AndrewsDa\My Documents\ROST\CH\Sterna_dougallii_Roseate_Tern_CH_2015.shp,SiteID,-1,-1;SiteName "SiteName" true true false 125 Text 0 0 ,First,#,\\int.ec.gc.ca\PROFILES\RemoteDesktop\InGEO\AndrewsDa\My Documents\ROST\CH\Sterna_dougallii_Roseate_Tern_CH_2015.shp,SiteName,-1,-1;CHApproach "CHApproach" true true false 50 Text 0 0 ,First,#,\\int.ec.gc.ca\PROFILES\RemoteDesktop\InGEO\AndrewsDa\My Documents\ROST\CH\Sterna_dougallii_Roseate_Tern_CH_2015.shp,CHApproach,-1,-1;CHMethod "CHMethod" true true false 75 Text 0 0 ,First,#,\\int.ec.gc.ca\PROFILES\RemoteDesktop\InGEO\AndrewsDa\My Documents\ROST\CH\Sterna_dougallii_Roseate_Tern_CH_2015.shp,CHMethod,-1,-1;Region "Region" true true false 75 Text 0 0 ,First,#,\\int.ec.gc.ca\PROFILES\RemoteDesktop\InGEO\AndrewsDa\My Documents\ROST\CH\Sterna_dougallii_Roseate_Tern_CH_2015.shp,Region,-1,-1;ProvTerr "ProvTerr" true true false 75 Text 0 0 ,First,#,\\int.ec.gc.ca\PROFILES\RemoteDesktop\InGEO\AndrewsDa\My Documents\ROST\CH\Sterna_dougallii_Roseate_Tern_CH_2015.shp,ProvTerr,-1,-1;LandTenure "LandTenure" true true false 75 Text 0 0 ,First,#,\\int.ec.gc.ca\PROFILES\RemoteDesktop\InGEO\AndrewsDa\My Documents\ROST\CH\Sterna_dougallii_Roseate_Tern_CH_2015.shp,LandTenure,-1,-1;UTMZone "UTMZone" true true false 4 Short 0 4 ,First,#,\\int.ec.gc.ca\PROFILES\RemoteDesktop\InGEO\AndrewsDa\My Documents\ROST\CH\Sterna_dougallii_Roseate_Tern_CH_2015.shp,UTMZone,-1,-1;Easting "Easting" true true false 19 Double 0 0 ,First,#,\\int.ec.gc.ca\PROFILES\RemoteDesktop\InGEO\AndrewsDa\My Documents\ROST\CH\Sterna_dougallii_Roseate_Tern_CH_2015.shp,Easting,-1,-1;Northing "Northing" true true false 19 Double 0 0 ,First,#,\\int.ec.gc.ca\PROFILES\RemoteDesktop\InGEO\AndrewsDa\My Documents\ROST\CH\Sterna_dougallii_Roseate_Tern_CH_2015.shp,Northing,-1,-1;Latitude "Latitude" true true false 19 Double 0 0 ,First,#,\\int.ec.gc.ca\PROFILES\RemoteDesktop\InGEO\AndrewsDa\My Documents\ROST\CH\Sterna_dougallii_Roseate_Tern_CH_2015.shp,Latitude,-1,-1;Longitude "Longitude" true true false 19 Double 0 0 ,First,#,\\int.ec.gc.ca\PROFILES\RemoteDesktop\InGEO\AndrewsDa\My Documents\ROST\CH\Sterna_dougallii_Roseate_Tern_CH_2015.shp,Longitude,-1,-1;Area_ha "Area_ha" true true false 19 Double 0 0 ,First,#,\\int.ec.gc.ca\PROFILES\RemoteDesktop\InGEO\AndrewsDa\My Documents\ROST\CH\Sterna_dougallii_Roseate_Tern_CH_2015.shp,Area_ha,-1,-1;Comments "Comments" true true false 250 Text 0 0 ,First,#,\\int.ec.gc.ca\PROFILES\RemoteDesktop\InGEO\AndrewsDa\My Documents\ROST\CH\Sterna_dougallii_Roseate_Tern_CH_2015.shp,Comments,-1,-1;DateEdited "DateEdited" true true false 8 Date 0 0 ,First,#,\\int.ec.gc.ca\PROFILES\RemoteDesktop\InGEO\AndrewsDa\My Documents\ROST\CH\Sterna_dougallii_Roseate_Tern_CH_2015.shp,DateEdited,-1,-1;OBJECTID "OBJECTID" true true false 9 Long 0 9 ,First,#,\\int.ec.gc.ca\PROFILES\RemoteDesktop\InGEO\AndrewsDa\My Documents\ROST\CH\Sterna_dougallii_Roseate_Tern_CH_2015.shp,OBJECTID,-1,-1;Id "Id" true true false 9 Long 0 9 ,First,#,\\int.ec.gc.ca\PROFILES\RemoteDesktop\InGEO\AndrewsDa\My Documents\ROST\CH\Sterna_dougallii_Roseate_Tern_CH_2015.shp,Id,-1,-1;BUFF_DIST "BUFF_DIST" true true false 19 Double 0 0 ,First,#,\\int.ec.gc.ca\PROFILES\RemoteDesktop\InGEO\AndrewsDa\My Documents\ROST\CH\Sterna_dougallii_Roseate_Tern_CH_2015.shp,BUFF_DIST,-1,-1;Shape_Leng "Shape_Leng" true true false 19 Double 0 0 ,First,#,\\int.ec.gc.ca\PROFILES\RemoteDesktop\InGEO\AndrewsDa\My Documents\ROST\CH\Sterna_dougallii_Roseate_Tern_CH_2015.shp,Shape_Leng,-1,-1;Shape_Area "Shape_Area" true true false 19 Double 0 0 ,First,#,\\int.ec.gc.ca\PROFILES\RemoteDesktop\InGEO\AndrewsDa\My Documents\ROST\CH\Sterna_dougallii_Roseate_Tern_CH_2015.shp,Shape_Area,-1,-1;Island "Island" true true false 50 Text 0 0 ,First,#,\\int.ec.gc.ca\PROFILES\RemoteDesktop\InGEO\AndrewsDa\My Documents\ROST\CH\Sterna_dougallii_Roseate_Tern_CH_2015.shp,Island,-1,-1;BufferDist "BufferDist" true true false 19 Double 0 0 ,First,#,\\int.ec.gc.ca\PROFILES\RemoteDesktop\InGEO\AndrewsDa\My Documents\ROST\CH\Sterna_dougallii_Roseate_Tern_CH_2015.shp,BufferDist,-1,-1" #</Process><Process ToolSource="c:\program files (x86)\arcgis\desktop10.1\ArcToolbox\Toolboxes\Data Management Tools.tbx\DeleteField" Date="20150925" Time="080553" Name="" export="">DeleteField Sterna_dougallii_Roseate_Tern_CH_2015 OBJECTID;Id;BUFF_DIST;Shape_Leng;Island;BufferDist</Process><Process ToolSource="c:\program files (x86)\arcgis\desktop10.1\ArcToolbox\Toolboxes\Data Management Tools.tbx\AddField" Date="20150929" Time="144823" Name="" export="">AddField Sterna_dougallii_Roseate_Tern_CH_2015 "CWS Region" TEXT # # # # NULLABLE NON_REQUIRED #</Process><Process ToolSource="c:\program files (x86)\arcgis\desktop10.1\ArcToolbox\Toolboxes\Data Management Tools.tbx\AddField" Date="20150929" Time="144823" Name="" export="">AddField Sterna_dougallii_Roseate_Tern_CH_2015 "CH Status" TEXT # # # # NULLABLE NON_REQUIRED #</Process><Process ToolSource="c:\program files (x86)\arcgis\desktop10.1\ArcToolbox\Toolboxes\Data Management Tools.tbx\AddField" Date="20150929" Time="144824" Name="" export="">AddField Sterna_dougallii_Roseate_Tern_CH_2015 "CH Sensitivity" TEXT # # # # NULLABLE NON_REQUIRED #</Process><Process ToolSource="c:\program files (x86)\arcgis\desktop10.1\ArcToolbox\Toolboxes\Conversion Tools.tbx\FeatureClassToFeatureClass" Date="20151207" Time="071856">FeatureClassToFeatureClass RoseateTern_2015 Q:\GW\EC1121SAR_EEP_Ops\ATL_CWS_SAR\ATL_CWS_CriticalHabitat\Critical_Habitat_IDentification_2015\CH_ID_final.gdb Sterna_dougallii_Roseate_Tern_CH_2015 # "OBJECTID_1 "OBJECTID_1" true true false 9 Long 0 9 ,First,#,Q:\GW\EC1121SAR_EEP_Ops\ATL_CWS_SAR\ATL_CWS_CriticalHabitat\Critical_Habitat_IDentification_2015\RoseateTern_2015.shp,OBJECTID_1,-1,-1;SciName "SciName" true true false 100 Text 0 0 ,First,#,Q:\GW\EC1121SAR_EEP_Ops\ATL_CWS_SAR\ATL_CWS_CriticalHabitat\Critical_Habitat_IDentification_2015\RoseateTern_2015.shp,SciName,-1,-1;CommName_E "CommName_E" true true false 100 Text 0 0 ,First,#,Q:\GW\EC1121SAR_EEP_Ops\ATL_CWS_SAR\ATL_CWS_CriticalHabitat\Critical_Habitat_IDentification_2015\RoseateTern_2015.shp,CommName_E,-1,-1;CommName_F "CommName_F" true true false 100 Text 0 0 ,First,#,Q:\GW\EC1121SAR_EEP_Ops\ATL_CWS_SAR\ATL_CWS_CriticalHabitat\Critical_Habitat_IDentification_2015\RoseateTern_2015.shp,CommName_F,-1,-1;Population "Population" true true false 100 Text 0 0 ,First,#,Q:\GW\EC1121SAR_EEP_Ops\ATL_CWS_SAR\ATL_CWS_CriticalHabitat\Critical_Habitat_IDentification_2015\RoseateTern_2015.shp,Population,-1,-1;SpeciesID "SpeciesID" true true false 4 Short 0 4 ,First,#,Q:\GW\EC1121SAR_EEP_Ops\ATL_CWS_SAR\ATL_CWS_CriticalHabitat\Critical_Habitat_IDentification_2015\RoseateTern_2015.shp,SpeciesID,-1,-1;SiteID "SiteID" true true false 125 Text 0 0 ,First,#,Q:\GW\EC1121SAR_EEP_Ops\ATL_CWS_SAR\ATL_CWS_CriticalHabitat\Critical_Habitat_IDentification_2015\RoseateTern_2015.shp,SiteID,-1,-1;SiteName "SiteName" true true false 125 Text 0 0 ,First,#,Q:\GW\EC1121SAR_EEP_Ops\ATL_CWS_SAR\ATL_CWS_CriticalHabitat\Critical_Habitat_IDentification_2015\RoseateTern_2015.shp,SiteName,-1,-1;CHApproach "CHApproach" true true false 50 Text 0 0 ,First,#,Q:\GW\EC1121SAR_EEP_Ops\ATL_CWS_SAR\ATL_CWS_CriticalHabitat\Critical_Habitat_IDentification_2015\RoseateTern_2015.shp,CHApproach,-1,-1;CHMethod "CHMethod" true true false 75 Text 0 0 ,First,#,Q:\GW\EC1121SAR_EEP_Ops\ATL_CWS_SAR\ATL_CWS_CriticalHabitat\Critical_Habitat_IDentification_2015\RoseateTern_2015.shp,CHMethod,-1,-1;Region "Region" true true false 75 Text 0 0 ,First,#,Q:\GW\EC1121SAR_EEP_Ops\ATL_CWS_SAR\ATL_CWS_CriticalHabitat\Critical_Habitat_IDentification_2015\RoseateTern_2015.shp,Region,-1,-1;ProvTerr "ProvTerr" true true false 75 Text 0 0 ,First,#,Q:\GW\EC1121SAR_EEP_Ops\ATL_CWS_SAR\ATL_CWS_CriticalHabitat\Critical_Habitat_IDentification_2015\RoseateTern_2015.shp,ProvTerr,-1,-1;LandTenure "LandTenure" true true false 75 Text 0 0 ,First,#,Q:\GW\EC1121SAR_EEP_Ops\ATL_CWS_SAR\ATL_CWS_CriticalHabitat\Critical_Habitat_IDentification_2015\RoseateTern_2015.shp,LandTenure,-1,-1;UTMZone "UTMZone" true true false 4 Short 0 4 ,First,#,Q:\GW\EC1121SAR_EEP_Ops\ATL_CWS_SAR\ATL_CWS_CriticalHabitat\Critical_Habitat_IDentification_2015\RoseateTern_2015.shp,UTMZone,-1,-1;Easting "Easting" true true false 19 Double 0 0 ,First,#,Q:\GW\EC1121SAR_EEP_Ops\ATL_CWS_SAR\ATL_CWS_CriticalHabitat\Critical_Habitat_IDentification_2015\RoseateTern_2015.shp,Easting,-1,-1;Northing "Northing" true true false 19 Double 0 0 ,First,#,Q:\GW\EC1121SAR_EEP_Ops\ATL_CWS_SAR\ATL_CWS_CriticalHabitat\Critical_Habitat_IDentification_2015\RoseateTern_2015.shp,Northing,-1,-1;Latitude "Latitude" true true false 19 Double 0 0 ,First,#,Q:\GW\EC1121SAR_EEP_Ops\ATL_CWS_SAR\ATL_CWS_CriticalHabitat\Critical_Habitat_IDentification_2015\RoseateTern_2015.shp,Latitude,-1,-1;Longitude "Longitude" true true false 19 Double 0 0 ,First,#,Q:\GW\EC1121SAR_EEP_Ops\ATL_CWS_SAR\ATL_CWS_CriticalHabitat\Critical_Habitat_IDentification_2015\RoseateTern_2015.shp,Longitude,-1,-1;Area_ha "Area_ha" true true false 19 Double 0 0 ,First,#,Q:\GW\EC1121SAR_EEP_Ops\ATL_CWS_SAR\ATL_CWS_CriticalHabitat\Critical_Habitat_IDentification_2015\RoseateTern_2015.shp,Area_ha,-1,-1;Comments "Comments" true true false 250 Text 0 0 ,First,#,Q:\GW\EC1121SAR_EEP_Ops\ATL_CWS_SAR\ATL_CWS_CriticalHabitat\Critical_Habitat_IDentification_2015\RoseateTern_2015.shp,Comments,-1,-1;DateEdited "DateEdited" true true false 8 Date 0 0 ,First,#,Q:\GW\EC1121SAR_EEP_Ops\ATL_CWS_SAR\ATL_CWS_CriticalHabitat\Critical_Habitat_IDentification_2015\RoseateTern_2015.shp,DateEdited,-1,-1;Shape_Leng "Shape_Leng" true true false 19 Double 0 0 ,First,#,Q:\GW\EC1121SAR_EEP_Ops\ATL_CWS_SAR\ATL_CWS_CriticalHabitat\Critical_Habitat_IDentification_2015\RoseateTern_2015.shp,Shape_Leng,-1,-1;Shape_Area "Shape_Area" true true false 19 Double 0 0 ,First,#,Q:\GW\EC1121SAR_EEP_Ops\ATL_CWS_SAR\ATL_CWS_CriticalHabitat\Critical_Habitat_IDentification_2015\RoseateTern_2015.shp,Shape_Area,-1,-1;CWS_Region "CWS_Region" true true false 254 Text 0 0 ,First,#,Q:\GW\EC1121SAR_EEP_Ops\ATL_CWS_SAR\ATL_CWS_CriticalHabitat\Critical_Habitat_IDentification_2015\RoseateTern_2015.shp,CWS_Region,-1,-1;CH_Status "CH_Status" true true false 254 Text 0 0 ,First,#,Q:\GW\EC1121SAR_EEP_Ops\ATL_CWS_SAR\ATL_CWS_CriticalHabitat\Critical_Habitat_IDentification_2015\RoseateTern_2015.shp,CH_Status,-1,-1;CH_Sensiti "CH_Sensiti" true true false 254 Text 0 0 ,First,#,Q:\GW\EC1121SAR_EEP_Ops\ATL_CWS_SAR\ATL_CWS_CriticalHabitat\Critical_Habitat_IDentification_2015\RoseateTern_2015.shp,CH_Sensiti,-1,-1" #</Process></lineage><copyHistory><copy source="\\int.ec.gc.ca\PROFILES\RemoteDesktop\InGEO\AndrewsDa\My Documents\ROST\Rost_noSable_CH_proj" dest="\\int.ec.gc.ca\PROFILES\RemoteDesktop\InGEO\AndrewsDa\My Documents\mapping\ATL_SAR_CH\commondata\rost\Rost_noSable_CH_proj" date="20141208" time="14420300"/></copyHistory></DataProperties><SyncDate>20180307</SyncDate><SyncTime>08502100</SyncTime><ModDate>20180307</ModDate><ModTime>08502100</ModTime><ArcGISProfile>NAP</ArcGISProfile><scaleRange><minScale>150000000</minScale><maxScale>5000</maxScale></scaleRange></Esri><dataIdInfo><envirDesc Sync="TRUE">Microsoft Windows Server 2008 R2 Version 6.1 (Build 7601) Service Pack 1; Esri ArcGIS 10.2.2.3574</envirDesc><dataLang><languageCode value="eng" Sync="TRUE"/><countryCode value="CAN" Sync="TRUE"/></dataLang><idCitation xmlns=""><resTitle Sync="FALSE">Roseate Tern</resTitle><presForm xmlns=""><PresFormCd value="005" Sync="TRUE"/></presForm><resAltTitle>Sterna dougallii</resAltTitle><citRespParty xmlns=""><rpIndName>David Andrews</rpIndName><rpOrgName>Canadian Wildlife Service</rpOrgName><rpPosName>Species at Risk Biologist</rpPosName><role><RoleCd value="002"></RoleCd></role></citRespParty></idCitation><spatRpType><SpatRepTypCd value="001" Sync="TRUE"/></spatRpType><dataExt xmlns=""><vertEle><vertMinVal Sync="TRUE">0.700000</vertMinVal><vertMaxVal Sync="TRUE">1.500000</vertMaxVal></vertEle></dataExt><dataExt xmlns=""><geoEle xmlns=""><GeoBndBox esriExtentType="search"><exTypeCode Sync="TRUE">1</exTypeCode><westBL Sync="TRUE">-65.899023</westBL><eastBL Sync="TRUE">-59.579980</eastBL><northBL Sync="TRUE">45.115474</northBL><southBL Sync="TRUE">43.614091</southBL></GeoBndBox></geoEle></dataExt><idPurp>This data relates to critical habitat identification for Roseate Tern (Sterna dougallii) that is included in the Amended Recovery Strategy for the Roseate Tern (Sterna dougallii) in Canada, posted on the Species at Risk Registry (http://www.sararegistry.gc.ca/default_e.cfm) on September 8, 2010. Critical habitat is identified as the entire terrestrial habitat of Country Island (NS), The Brothers Islands (NS), Paquet Island (PQ), Deuxième Îlet (PQ) and Chenal Island (PQ), as well as 200 m of the aquatic habitat extending seaward from the high tide line for each island, with some aquatic habitat excluded around Paquet Island.  Critical habitat also includes the polygons surrounding tern colonies on Sable Island (NS) and the habitat extending 200 m beyond each polygon. The Atlantic Region dataset does not include QC critical habitat. It was updated in 2015 to fix a projection issue as well as to highlight all of Sable Island. (Note however, not all of Sable Island constitutes critical habitat. Due to changes in nesting area from year to year, critical habitat changes annually.</idPurp><idAbs>&lt;DIV STYLE="text-align:Left;"&gt;&lt;P STYLE="margin:0 0 0 0;"&gt;&lt;SPAN&gt;&lt;SPAN&gt;The purpose is to support SARA critical habitat Roseate Tern (&lt;/SPAN&gt;&lt;/SPAN&gt;&lt;SPAN STYLE="font-style:italic;"&gt;&lt;SPAN&gt;Sterna dougallii&lt;/SPAN&gt;&lt;/SPAN&gt;&lt;SPAN&gt;&lt;SPAN&gt;). &lt;/SPAN&gt;&lt;/SPAN&gt;&lt;/P&gt;&lt;P STYLE="margin:0 0 0 0;"&gt;&lt;SPAN&gt;&lt;SPAN&gt;Language: CAN (english). &lt;/SPAN&gt;&lt;/SPAN&gt;&lt;/P&gt;&lt;P STYLE="margin:0 0 0 0;"&gt;&lt;SPAN&gt;&lt;SPAN&gt;Status of Data Set: Completed (based on best available occurrence data up to the end of 2009), and posted in the Amended Recovery Strategy for the Roseate Tern (&lt;/SPAN&gt;&lt;/SPAN&gt;&lt;SPAN STYLE="font-style:italic;"&gt;&lt;SPAN&gt;Sterna dougallii&lt;/SPAN&gt;&lt;/SPAN&gt;&lt;SPAN&gt;&lt;SPAN&gt;)in Canada on the Species at Risk Registry (http://www.sararegistry.gc.ca/default_e.cfm) on September 8, 2010.&lt;/SPAN&gt;&lt;/SPAN&gt;&lt;/P&gt;&lt;P STYLE="margin:0 0 0 0;"&gt;&lt;SPAN&gt;&lt;SPAN&gt;Dataset Last Updated:  October 2, 2015 by Nicholas ShephardMetadata Last Updated:  October 2, 2015 by Nicholas Shephard&lt;/SPAN&gt;&lt;/SPAN&gt;&lt;/P&gt;&lt;P STYLE="margin:0 0 0 0;"&gt;&lt;SPAN&gt;&lt;SPAN&gt;Please contact David Andrews (david.andrews@ec.gc.ca)for more information on the methods used to identify critical habitat. &lt;/SPAN&gt;&lt;/SPAN&gt;&lt;/P&gt;&lt;P STYLE="margin:7 0 7 0;"&gt;&lt;SPAN&gt;&lt;SPAN&gt;Datum: NAD 1983 UTM Zone 20N&lt;/SPAN&gt;&lt;/SPAN&gt;&lt;/P&gt;&lt;P STYLE="font-size:16ptmargin:0 0 14 0;"&gt;&lt;SPAN&gt;&lt;SPAN&gt;Vintage: 2015&lt;/SPAN&gt;&lt;/SPAN&gt;&lt;/P&gt;&lt;/DIV&gt;</idAbs><searchKeys><keyword>Roseate Terns</keyword><keyword>Species at Risk</keyword><keyword>SARA</keyword><keyword>Critical Habitat</keyword><keyword>Nova Scotia</keyword></searchKeys><themeKeys xmlns=""><keyword>Roseate Tern, Sterna dougallii, Endangered, Gull predation, Predation, Erosion, Recreational habitat disturbance, Industrial development, Severe weather events, Biologically limiting factors, Country Island, The Brothers Islands, Sable Island, Magdalen Islands, Nova Scotia, Quebec, Recovery Strategy, Critical Habitat</keyword></themeKeys><dataChar><CharSetCd value="004"></CharSetCd></dataChar><idPoC xmlns=""><rpIndName>David Andrews</rpIndName><rpOrgName>Canadian Wildlife Service</rpOrgName><rpPosName>Species at Risk Biologist</rpPosName><role><RoleCd value="002"/></role><displayName>David Andrews</displayName></idPoC><tpCat><TopicCatCd value="002"/></tpCat></dataIdInfo><mdLang><languageCode value="eng" Sync="TRUE"/><countryCode value="CAN" Sync="TRUE"/></mdLang><mdChar><CharSetCd value="004" Sync="TRUE"/></mdChar><distInfo><distFormat><formatName Sync="TRUE">Shapefile</formatName></distFormat><distTranOps><transSize Sync="TRUE">0.000</transSize></distTranOps></distInfo><mdHrLv><ScopeCd value="005" Sync="TRUE"/></mdHrLv><mdHrLvName Sync="TRUE">dataset</mdHrLvName><refSysInfo><RefSystem dimension=""><refSysID xmlns=""><identCode code="26920" Sync="TRUE" value="0"/><idCodeSpace Sync="TRUE">EPSG</idCodeSpace><idVersion Sync="TRUE">8.2.6</idVersion></refSysID></RefSystem></refSysInfo><spatRepInfo><VectSpatRep><geometObjs Name="Sterna_dougallii_Roseate_Tern_CH_2015"><geoObjTyp><GeoObjTypCd value="002" Sync="TRUE"></GeoObjTypCd></geoObjTyp><geoObjCnt Sync="TRUE">0</geoObjCnt></geometObjs><topLvl><TopoLevCd value="001" Sync="TRUE"></TopoLevCd></topLvl></VectSpatRep></spatRepInfo><spdoinfo><ptvctinf><esriterm Name="Sterna_dougallii_Roseate_Tern_CH_2015"><efeatyp Sync="TRUE">Simple</efeatyp><efeageom code="4" Sync="TRUE"></efeageom><esritopo Sync="TRUE">FALSE</esritopo><efeacnt Sync="TRUE">0</efeacnt><spindex Sync="TRUE">FALSE</spindex><linrefer Sync="TRUE">FALSE</linrefer></esriterm></ptvctinf></spdoinfo><eainfo><detailed Name="Sterna_dougallii_Roseate_Tern_CH_2015" xmlns=""><enttyp><enttypl Sync="TRUE">Sterna_dougallii_Roseate_Tern_CH_2015</enttypl><enttypt Sync="TRUE">Feature Class</enttypt><enttypc Sync="TRUE">0</enttypc></enttyp><attr><attrlabl Sync="TRUE">FID</attrlabl><attalias Sync="TRUE">FID</attalias><attrtype Sync="TRUE">OID</attrtype><attwidth Sync="TRUE">4</attwidth><atprecis Sync="TRUE">0</atprecis><attscale Sync="TRUE">0</attscale><attrdef Sync="TRUE">Internal feature number.</attrdef><attrdefs Sync="TRUE">Esri</attrdefs><attrdomv><udom Sync="TRUE">Sequential unique whole numbers that are automatically generated.</udom></attrdomv></attr><attr><attrlabl Sync="TRUE">OBJECTID_1</attrlabl><attalias Sync="TRUE">OBJECTID_1</attalias><attrtype Sync="TRUE">Integer</attrtype><attwidth Sync="TRUE">9</attwidth><atprecis Sync="TRUE">9</atprecis><attscale Sync="TRUE">0</attscale><attrdef Sync="TRUE">Internal feature number.</attrdef><attrdefs Sync="TRUE">Esri</attrdefs><attrdomv><udom Sync="TRUE">Sequential unique whole numbers that are automatically generated.</udom></attrdomv></attr><attr><attrlabl Sync="TRUE">Shape</attrlabl><attalias Sync="TRUE">Shape</attalias><attrtype Sync="TRUE">Geometry</attrtype><attwidth Sync="TRUE">0</attwidth><atprecis Sync="TRUE">0</atprecis><attscale Sync="TRUE">0</attscale><attrdef Sync="TRUE">Feature geometry.</attrdef><attrdefs Sync="TRUE">ESRI</attrdefs><attrdomv><udom Sync="TRUE">Coordinates defining the features.</udom></attrdomv></attr><attr><attrlabl Sync="TRUE">Shape_Leng</attrlabl><attalias Sync="TRUE">Shape_Leng</attalias><attrtype Sync="TRUE">Double</attrtype><attwidth Sync="TRUE">19</attwidth><atprecis Sync="TRUE">0</atprecis><attscale Sync="TRUE">0</attscale></attr><attr><attrlabl Sync="TRUE">Shape_Area</attrlabl><attalias Sync="TRUE">Shape_Area</attalias><attrtype Sync="TRUE">Double</attrtype><attwidth Sync="TRUE">19</attwidth><atprecis Sync="TRUE">0</atprecis><attscale Sync="TRUE">0</attscale><attrdef Sync="TRUE">Area of feature in internal units squared.</attrdef><attrdefs Sync="TRUE">ESRI</attrdefs><attrdomv><udom Sync="TRUE">Positive real numbers that are automatically generated.</udom></attrdomv></attr><attr><attrlabl Sync="TRUE">SciName</attrlabl><attalias Sync="TRUE">SciName</attalias><attrtype Sync="TRUE">String</attrtype><attwidth Sync="TRUE">100</attwidth><atprecis Sync="TRUE">0</atprecis><attscale Sync="TRUE">0</attscale></attr><attr><attrlabl Sync="TRUE">CommName_E</attrlabl><attalias Sync="TRUE">CommName_E</attalias><attrtype Sync="TRUE">String</attrtype><attwidth Sync="TRUE">100</attwidth><atprecis Sync="TRUE">0</atprecis><attscale Sync="TRUE">0</attscale></attr><attr><attrlabl Sync="TRUE">CommName_F</attrlabl><attalias Sync="TRUE">CommName_F</attalias><attrtype Sync="TRUE">String</attrtype><attwidth Sync="TRUE">100</attwidth><atprecis Sync="TRUE">0</atprecis><attscale Sync="TRUE">0</attscale></attr><attr><attrlabl Sync="TRUE">Population</attrlabl><attalias Sync="TRUE">Population</attalias><attrtype Sync="TRUE">String</attrtype><attwidth Sync="TRUE">100</attwidth><atprecis Sync="TRUE">0</atprecis><attscale Sync="TRUE">0</attscale></attr><attr><attrlabl Sync="TRUE">SpeciesID</attrlabl><attalias Sync="TRUE">SpeciesID</attalias><attrtype Sync="TRUE">SmallInteger</attrtype><attwidth Sync="TRUE">4</attwidth><atprecis Sync="TRUE">4</atprecis><attscale Sync="TRUE">0</attscale></attr><attr><attrlabl Sync="TRUE">SiteID</attrlabl><attalias Sync="TRUE">SiteID</attalias><attrtype Sync="TRUE">String</attrtype><attwidth Sync="TRUE">125</attwidth><atprecis Sync="TRUE">0</atprecis><attscale Sync="TRUE">0</attscale></attr><attr><attrlabl Sync="TRUE">SiteName</attrlabl><attalias Sync="TRUE">SiteName</attalias><attrtype Sync="TRUE">String</attrtype><attwidth Sync="TRUE">125</attwidth><atprecis Sync="TRUE">0</atprecis><attscale Sync="TRUE">0</attscale></attr><attr><attrlabl Sync="TRUE">CHApproach</attrlabl><attalias Sync="TRUE">CHApproach</attalias><attrtype Sync="TRUE">String</attrtype><attwidth Sync="TRUE">50</attwidth><atprecis Sync="TRUE">0</atprecis><attscale Sync="TRUE">0</attscale></attr><attr><attrlabl Sync="TRUE">CHMethod</attrlabl><attalias Sync="TRUE">CHMethod</attalias><attrtype Sync="TRUE">String</attrtype><attwidth Sync="TRUE">75</attwidth><atprecis Sync="TRUE">0</atprecis><attscale Sync="TRUE">0</attscale></attr><attr><attrlabl Sync="TRUE">Region</attrlabl><attalias Sync="TRUE">Region</attalias><attrtype Sync="TRUE">String</attrtype><attwidth Sync="TRUE">75</attwidth><atprecis Sync="TRUE">0</atprecis><attscale Sync="TRUE">0</attscale></attr><attr><attrlabl Sync="TRUE">ProvTerr</attrlabl><attalias Sync="TRUE">ProvTerr</attalias><attrtype Sync="TRUE">String</attrtype><attwidth Sync="TRUE">75</attwidth><atprecis Sync="TRUE">0</atprecis><attscale Sync="TRUE">0</attscale></attr><attr><attrlabl Sync="TRUE">LandTenure</attrlabl><attalias Sync="TRUE">LandTenure</attalias><attrtype Sync="TRUE">String</attrtype><attwidth Sync="TRUE">75</attwidth><atprecis Sync="TRUE">0</atprecis><attscale Sync="TRUE">0</attscale></attr><attr><attrlabl Sync="TRUE">UTMZone</attrlabl><attalias Sync="TRUE">UTMZone</attalias><attrtype Sync="TRUE">SmallInteger</attrtype><attwidth Sync="TRUE">4</attwidth><atprecis Sync="TRUE">4</atprecis><attscale Sync="TRUE">0</attscale></attr><attr><attrlabl Sync="TRUE">Easting</attrlabl><attalias Sync="TRUE">Easting</attalias><attrtype Sync="TRUE">Double</attrtype><attwidth Sync="TRUE">19</attwidth><atprecis Sync="TRUE">0</atprecis><attscale Sync="TRUE">0</attscale></attr><attr><attrlabl Sync="TRUE">Northing</attrlabl><attalias Sync="TRUE">Northing</attalias><attrtype Sync="TRUE">Double</attrtype><attwidth Sync="TRUE">19</attwidth><atprecis Sync="TRUE">0</atprecis><attscale Sync="TRUE">0</attscale></attr><attr><attrlabl Sync="TRUE">Latitude</attrlabl><attalias Sync="TRUE">Latitude</attalias><attrtype Sync="TRUE">Double</attrtype><attwidth Sync="TRUE">19</attwidth><atprecis Sync="TRUE">0</atprecis><attscale Sync="TRUE">0</attscale></attr><attr><attrlabl Sync="TRUE">Longitude</attrlabl><attalias Sync="TRUE">Longitude</attalias><attrtype Sync="TRUE">Double</attrtype><attwidth Sync="TRUE">19</attwidth><atprecis Sync="TRUE">0</atprecis><attscale Sync="TRUE">0</attscale></attr><attr><attrlabl Sync="TRUE">Area_ha</attrlabl><attalias Sync="TRUE">Area_ha</attalias><attrtype Sync="TRUE">Double</attrtype><attwidth Sync="TRUE">19</attwidth><atprecis Sync="TRUE">0</atprecis><attscale Sync="TRUE">0</attscale></attr><attr><attrlabl Sync="TRUE">Comments</attrlabl><attalias Sync="TRUE">Comments</attalias><attrtype Sync="TRUE">String</attrtype><attwidth Sync="TRUE">250</attwidth><atprecis Sync="TRUE">0</atprecis><attscale Sync="TRUE">0</attscale></attr><attr><attrlabl Sync="TRUE">DateEdited</attrlabl><attalias Sync="TRUE">DateEdited</attalias><attrtype Sync="TRUE">Date</attrtype><attwidth Sync="TRUE">8</attwidth><atprecis Sync="TRUE">0</atprecis><attscale Sync="TRUE">0</attscale></attr><attr><attrlabl Sync="TRUE">CWS_Region</attrlabl><attalias Sync="TRUE">CWS_Region</attalias><attrtype Sync="TRUE">String</attrtype><attwidth Sync="TRUE">254</attwidth><atprecis Sync="TRUE">0</atprecis><attscale Sync="TRUE">0</attscale></attr><attr><attrlabl Sync="TRUE">CH_Status</attrlabl><attalias Sync="TRUE">CH_Status</attalias><attrtype Sync="TRUE">String</attrtype><attwidth Sync="TRUE">254</attwidth><atprecis Sync="TRUE">0</atprecis><attscale Sync="TRUE">0</attscale></attr><attr><attrlabl Sync="TRUE">Shape_Le_1</attrlabl><attalias Sync="TRUE">Shape_Le_1</attalias><attrtype Sync="TRUE">Double</attrtype><attwidth Sync="TRUE">19</attwidth><atprecis Sync="TRUE">0</atprecis><attscale Sync="TRUE">0</attscale></attr><attr><attrlabl Sync="TRUE">CH_Sensiti</attrlabl><attalias Sync="TRUE">CH_Sensiti</attalias><attrtype Sync="TRUE">String</attrtype><attwidth Sync="TRUE">254</attwidth><atprecis Sync="TRUE">0</atprecis><attscale Sync="TRUE">0</attscale></attr><attr><attrlabl Sync="TRUE">Area_ha2</attrlabl><attalias Sync="TRUE">Area_ha2</attalias><attrtype Sync="TRUE">Double</attrtype><attwidth Sync="TRUE">19</attwidth><atprecis Sync="TRUE">0</atprecis><attscale Sync="TRUE">0</attscale></attr></detailed></eainfo><mdDateSt Sync="TRUE">20180307</mdDateSt><mdFileID>F35A3E34-2268-4A01-B5FA-5BFEB5B49917</mdFileID><mdContact xmlns=""><rpIndName>Samara Eaton</rpIndName><rpOrgName>Environment Canada - Canadian Wildlife Service</rpOrgName><rpPosName>Biologist</rpPosName><rpCntInfo xmlns=""><cntAddress addressType=""><eMailAdd>samara.eaton@ec.gc.ca</eMailAdd></cntAddress></rpCntInfo><role><RoleCd value="008"/></role></mdContact><mdContact xmlns=""><rpIndName>Matt Mahoney</rpIndName><rpOrgName>Environment Canada - Canadian Wildlife Service</rpOrgName><rpPosName>Landscape Analyst</rpPosName><rpCntInfo xmlns=""><cntAddress addressType=""><eMailAdd>matthew.mahoney@ec.gc.ca</eMailAdd></cntAddress></rpCntInfo><role><RoleCd value="003"/></role></mdContact></metadata>
